t_rel_s,x,y,maneuver_state
0.000000,1199.956909,-82.534073,follow_lane
0.050000,1199.956909,-82.534088,follow_lane
0.100000,1199.956909,-82.534111,follow_lane
0.150000,1199.956909,-82.534119,follow_lane
0.200000,1199.956909,-82.534126,follow_lane
0.250000,1199.956909,-82.534142,follow_lane
0.300000,1199.956909,-82.534142,follow_lane
0.350000,1199.956909,-82.534149,follow_lane
0.400000,1199.956909,-82.534157,follow_lane
0.450000,1199.956909,-82.534157,follow_lane
0.500000,1199.956909,-82.534157,follow_lane
0.550000,1199.956909,-82.534157,follow_lane
0.600000,1199.957886,-82.534164,follow_lane
0.650000,1199.976196,-82.534164,follow_lane
0.700000,1200.011597,-82.534218,follow_lane
0.750000,1200.055542,-82.534294,follow_lane
0.800000,1200.107788,-82.534325,follow_lane
0.850000,1200.168457,-82.534386,follow_lane
0.900000,1200.236694,-82.534477,follow_lane
0.950000,1200.308960,-82.534523,follow_lane
1.000000,1200.387695,-82.534592,follow_lane
1.050000,1200.474365,-82.534683,follow_lane
1.100000,1200.567383,-82.534775,follow_lane
1.150000,1200.666260,-82.534874,follow_lane
1.200000,1200.772583,-82.534950,follow_lane
1.250000,1200.886963,-82.534996,follow_lane
1.300000,1201.010132,-82.535049,follow_lane
1.350000,1201.142700,-82.535095,follow_lane
1.400000,1201.285400,-82.535156,follow_lane
1.450000,1201.438354,-82.535263,follow_lane
1.500000,1201.602051,-82.535347,follow_lane
1.550000,1201.777100,-82.535446,follow_lane
1.600000,1201.963623,-82.535545,follow_lane
1.650000,1202.161011,-82.535645,follow_lane
1.700000,1202.368896,-82.535744,follow_lane
1.750000,1202.586792,-82.535835,follow_lane
1.800000,1202.814697,-82.535973,follow_lane
1.850000,1203.052490,-82.536118,follow_lane
1.900000,1203.300171,-82.536270,follow_lane
1.950000,1203.557617,-82.536415,follow_lane
2.000000,1203.822876,-82.536514,follow_lane
2.050000,1204.085693,-82.536667,follow_lane
2.100000,1204.346558,-82.536667,follow_lane
2.150000,1204.607056,-82.536919,follow_lane
2.200000,1204.868042,-82.536964,follow_lane
2.250000,1205.128906,-82.537224,follow_lane
2.300000,1205.395264,-82.537193,follow_lane
2.350000,1205.688110,-82.537498,follow_lane
2.400000,1205.995239,-82.537788,follow_lane
2.450000,1206.302734,-82.538300,follow_lane
2.500000,1206.607178,-82.538521,follow_lane
2.550000,1206.906982,-82.538971,follow_lane
2.600000,1207.201050,-82.539162,follow_lane
2.650000,1207.488403,-82.539528,follow_lane
2.700000,1207.768799,-82.539650,follow_lane
2.750000,1208.045410,-82.539970,follow_lane
2.800000,1208.320068,-82.540085,follow_lane
2.850000,1208.579224,-82.540359,follow_lane
2.900000,1208.826782,-82.540459,follow_lane
2.950000,1209.063354,-82.540565,follow_lane
3.000000,1209.297119,-82.540695,follow_lane
3.050000,1209.533691,-82.540779,follow_lane
3.100000,1209.776001,-82.540855,follow_lane
3.150000,1210.025879,-82.540947,follow_lane
3.200000,1210.284302,-82.541031,follow_lane
3.250000,1210.545288,-82.541168,follow_lane
3.300000,1210.802734,-82.541275,follow_lane
3.350000,1211.059082,-82.541397,follow_lane
3.400000,1211.315186,-82.541534,follow_lane
3.450000,1211.572754,-82.541672,follow_lane
3.500000,1211.829712,-82.541801,follow_lane
3.550000,1212.092896,-82.541916,follow_lane
3.600000,1212.386719,-82.542068,follow_lane
3.650000,1212.691772,-82.542175,follow_lane
3.700000,1212.996826,-82.542305,follow_lane
3.750000,1213.299072,-82.542450,follow_lane
3.800000,1213.596680,-82.542549,follow_lane
3.850000,1213.888794,-82.542648,follow_lane
3.900000,1214.173950,-82.542740,follow_lane
3.950000,1214.452271,-82.542839,follow_lane
4.000000,1214.726562,-82.542946,follow_lane
4.050000,1215.000122,-82.543076,follow_lane
4.100000,1215.259888,-82.543190,follow_lane
4.150000,1215.509033,-82.543289,follow_lane
4.200000,1215.749146,-82.543388,follow_lane
4.250000,1215.987061,-82.543488,follow_lane
4.300000,1216.228149,-82.543640,follow_lane
4.350000,1216.475098,-82.543777,follow_lane
4.400000,1216.729736,-82.543915,follow_lane
4.450000,1216.992310,-82.544044,follow_lane
4.500000,1217.253540,-82.544228,follow_lane
4.550000,1217.512207,-82.544403,follow_lane
4.600000,1217.769775,-82.544518,follow_lane
4.650000,1218.028442,-82.544647,follow_lane
4.700000,1218.287109,-82.544785,follow_lane
4.750000,1218.545776,-82.544922,follow_lane
4.800000,1218.820923,-82.545059,follow_lane
4.850000,1219.117310,-82.545181,follow_lane
4.900000,1219.419678,-82.545334,follow_lane
4.950000,1219.723511,-82.545479,follow_lane
5.000000,1220.024780,-82.545616,follow_lane
5.050000,1220.322388,-82.545753,follow_lane
5.100000,1220.614136,-82.545898,follow_lane
5.150000,1220.899780,-82.546036,follow_lane
5.200000,1221.178833,-82.546173,follow_lane
5.250000,1221.455322,-82.546318,follow_lane
5.300000,1221.726196,-82.546471,follow_lane
5.350000,1221.981323,-82.546646,follow_lane
5.400000,1222.223267,-82.546768,follow_lane
5.450000,1222.455322,-82.546814,follow_lane
5.500000,1222.685669,-82.546928,follow_lane
5.550000,1222.919556,-82.547066,follow_lane
5.600000,1223.159546,-82.547195,follow_lane
5.650000,1223.407227,-82.547333,follow_lane
5.700000,1223.663696,-82.547470,follow_lane
5.750000,1223.924683,-82.547516,follow_lane
5.800000,1224.182129,-82.547752,follow_lane
5.850000,1224.437866,-82.547745,follow_lane
5.900000,1224.693359,-82.548019,follow_lane
5.950000,1224.949341,-82.548035,follow_lane
6.000000,1225.205200,-82.548302,follow_lane
6.050000,1225.466431,-82.548271,follow_lane
6.100000,1225.754639,-82.548561,follow_lane
6.150000,1226.058228,-82.548882,follow_lane
6.200000,1226.362793,-82.549385,follow_lane
6.250000,1226.664795,-82.549606,follow_lane
6.300000,1226.962402,-82.550034,follow_lane
6.350000,1227.254517,-82.550224,follow_lane
6.400000,1227.540161,-82.550621,follow_lane
6.450000,1227.819092,-82.550751,follow_lane
6.500000,1228.094238,-82.551079,follow_lane
6.550000,1228.368164,-82.551216,follow_lane
6.600000,1228.628906,-82.551445,follow_lane
6.650000,1228.879150,-82.551567,follow_lane
6.700000,1229.119751,-82.551689,follow_lane
6.750000,1229.357300,-82.551788,follow_lane
6.800000,1229.597534,-82.551941,follow_lane
6.850000,1229.843750,-82.552048,follow_lane
6.900000,1230.097656,-82.552155,follow_lane
6.950000,1230.359131,-82.552246,follow_lane
7.000000,1230.619629,-82.552383,follow_lane
7.050000,1230.877197,-82.552521,follow_lane
7.100000,1231.134399,-82.552628,follow_lane
7.150000,1231.391968,-82.552734,follow_lane
7.200000,1231.650146,-82.552834,follow_lane
7.250000,1231.907959,-82.552917,follow_lane
7.300000,1232.183838,-82.553032,follow_lane
7.350000,1232.486816,-82.553185,follow_lane
7.400000,1232.794800,-82.553322,follow_lane
7.450000,1233.102905,-82.553452,follow_lane
7.500000,1233.408203,-82.553589,follow_lane
7.550000,1233.708618,-82.553726,follow_lane
7.600000,1234.003784,-82.553879,follow_lane
7.650000,1234.291870,-82.554024,follow_lane
7.700000,1234.574219,-82.554169,follow_lane
7.750000,1234.852295,-82.554253,follow_lane
7.800000,1235.123291,-82.554382,follow_lane
7.850000,1235.379028,-82.554482,follow_lane
7.900000,1235.624023,-82.554581,follow_lane
7.950000,1235.857910,-82.554672,follow_lane
8.000000,1236.089233,-82.554771,follow_lane
8.050000,1236.323486,-82.554871,follow_lane
8.100000,1236.563843,-82.554970,follow_lane
8.150000,1236.811646,-82.555077,follow_lane
8.200000,1237.068115,-82.555176,follow_lane
8.250000,1237.330200,-82.555275,follow_lane
8.300000,1237.589722,-82.555450,follow_lane
8.350000,1237.847290,-82.555542,follow_lane
8.400000,1238.105103,-82.555679,follow_lane
8.450000,1238.363770,-82.555832,follow_lane
8.500000,1238.622681,-82.555962,follow_lane
8.550000,1238.883667,-82.556114,follow_lane
8.600000,1239.174194,-82.556252,follow_lane
8.650000,1239.481567,-82.556396,follow_lane
8.700000,1239.792725,-82.556541,follow_lane
8.750000,1240.103394,-82.556686,follow_lane
8.800000,1240.411377,-82.556824,follow_lane
8.850000,1240.714478,-82.556969,follow_lane
8.900000,1241.012085,-82.557114,follow_lane
8.950000,1241.302612,-82.557266,follow_lane
9.000000,1241.588745,-82.557411,follow_lane
9.050000,1241.870728,-82.557556,follow_lane
9.100000,1242.140381,-82.557701,follow_lane
9.150000,1242.383667,-82.557304,follow_lane
9.200000,1242.609619,-82.557358,follow_lane
9.250000,1242.829224,-82.557304,follow_lane
9.300000,1243.049561,-82.557381,follow_lane
9.350000,1243.274292,-82.557510,follow_lane
9.400000,1243.506104,-82.557594,follow_lane
9.450000,1243.745850,-82.557625,follow_lane
9.500000,1243.994629,-82.557808,follow_lane
9.550000,1244.252808,-82.558044,follow_lane
9.600000,1244.515625,-82.558243,follow_lane
9.650000,1244.775879,-82.558418,follow_lane
9.700000,1245.034546,-82.558578,follow_lane
9.750000,1245.293823,-82.558716,follow_lane
9.800000,1245.553833,-82.558884,follow_lane
9.850000,1245.814209,-82.559044,follow_lane
9.900000,1246.080444,-82.559204,follow_lane
9.950000,1246.372681,-82.559402,follow_lane
10.000000,1246.674683,-82.559608,follow_lane
10.050000,1246.978516,-82.559814,follow_lane
10.100000,1247.280518,-82.560005,follow_lane
10.150000,1247.578857,-82.560196,follow_lane
10.200000,1247.871826,-82.560341,follow_lane
10.250000,1248.159058,-82.560493,follow_lane
10.300000,1248.439575,-82.560654,follow_lane
10.350000,1248.716797,-82.560791,follow_lane
10.400000,1248.992188,-82.560936,follow_lane
10.450000,1249.253540,-82.561111,follow_lane
10.500000,1249.501709,-82.561264,follow_lane
10.550000,1249.738525,-82.561363,follow_lane
10.600000,1249.971436,-82.561501,follow_lane
10.650000,1250.206421,-82.561638,follow_lane
10.700000,1250.446899,-82.561775,follow_lane
10.750000,1250.695068,-82.561920,follow_lane
10.800000,1250.951660,-82.562057,follow_lane
10.850000,1251.214478,-82.562164,follow_lane
10.900000,1251.480225,-82.562134,follow_lane
10.950000,1251.747192,-82.562042,follow_lane
11.000000,1252.021851,-82.562325,follow_lane
11.050000,1252.301880,-82.562691,follow_lane
11.100000,1252.582642,-82.563354,follow_lane
11.150000,1252.857544,-82.563759,follow_lane
11.200000,1253.127197,-82.563972,follow_lane
11.250000,1253.390503,-82.564140,follow_lane
11.300000,1253.649048,-82.564377,follow_lane
11.350000,1253.903687,-82.564629,follow_lane
11.400000,1254.156738,-82.564835,follow_lane
11.450000,1254.409058,-82.564995,follow_lane
11.500000,1254.663208,-82.565155,follow_lane
11.550000,1254.918213,-82.565331,follow_lane
11.600000,1255.173584,-82.565460,follow_lane
11.650000,1255.440674,-82.565575,follow_lane
11.700000,1255.738647,-82.565727,follow_lane
11.750000,1256.044067,-82.565887,follow_lane
11.800000,1256.350098,-82.566055,follow_lane
11.850000,1256.653442,-82.566208,follow_lane
11.900000,1256.953125,-82.566368,follow_lane
11.950000,1257.247192,-82.566513,follow_lane
12.000000,1257.535400,-82.566666,follow_lane
12.050000,1257.816895,-82.566818,follow_lane
12.100000,1258.095459,-82.566971,follow_lane
12.150000,1258.370117,-82.567116,follow_lane
12.200000,1258.629395,-82.567207,follow_lane
12.250000,1258.875977,-82.567314,follow_lane
12.300000,1259.110962,-82.567413,follow_lane
12.350000,1259.342163,-82.567520,follow_lane
12.400000,1259.575684,-82.567604,follow_lane
12.450000,1259.814941,-82.567711,follow_lane
12.500000,1260.061646,-82.567841,follow_lane
12.550000,1260.317139,-82.567970,follow_lane
12.600000,1260.579834,-82.568169,follow_lane
12.650000,1260.840210,-82.568115,follow_lane
12.700000,1261.098633,-82.568336,follow_lane
12.750000,1261.356934,-82.568329,follow_lane
12.800000,1261.616211,-82.568542,follow_lane
12.850000,1261.875732,-82.568527,follow_lane
12.900000,1262.137817,-82.568604,follow_lane
12.950000,1262.425171,-82.568657,follow_lane
13.000000,1262.732666,-82.569054,follow_lane
13.050000,1263.043945,-82.569244,follow_lane
13.100000,1263.354492,-82.569664,follow_lane
13.150000,1263.661865,-82.569839,follow_lane
13.200000,1263.964600,-82.570236,follow_lane
13.250000,1264.261475,-82.570381,follow_lane
13.300000,1264.551880,-82.570702,follow_lane
13.350000,1264.837646,-82.570831,follow_lane
13.400000,1265.119995,-82.571167,follow_lane
13.450000,1265.378540,-82.571411,follow_lane
13.500000,1265.589233,-82.571220,follow_lane
13.550000,1265.789917,-82.571251,follow_lane
13.600000,1265.988159,-82.571396,follow_lane
13.650000,1266.188354,-82.571465,follow_lane
13.700000,1266.393921,-82.571564,follow_lane
13.750000,1266.607178,-82.571632,follow_lane
13.800000,1266.829346,-82.571701,follow_lane
13.850000,1267.060669,-82.571762,follow_lane
13.900000,1267.301636,-82.571861,follow_lane
13.950000,1267.552490,-82.571983,follow_lane
14.000000,1267.812988,-82.572105,follow_lane
14.050000,1268.075317,-82.572227,follow_lane
14.100000,1268.335449,-82.572334,follow_lane
14.150000,1268.594604,-82.572479,follow_lane
14.200000,1268.855225,-82.572624,follow_lane
14.250000,1269.116333,-82.572762,follow_lane
14.300000,1269.377808,-82.572891,follow_lane
14.350000,1269.655884,-82.573036,follow_lane
14.400000,1269.953857,-82.573189,follow_lane
14.450000,1270.258667,-82.573341,follow_lane
14.500000,1270.565552,-82.573486,follow_lane
14.550000,1270.870483,-82.573631,follow_lane
14.600000,1271.171997,-82.573776,follow_lane
14.650000,1271.468262,-82.573921,follow_lane
14.700000,1271.758789,-82.574074,follow_lane
14.750000,1272.043457,-82.574203,follow_lane
14.800000,1272.324951,-82.574356,follow_lane
14.850000,1272.598389,-82.574509,follow_lane
14.900000,1272.848755,-82.574654,follow_lane
14.950000,1273.080688,-82.574760,follow_lane
15.000000,1273.305420,-82.574860,follow_lane
15.050000,1273.530029,-82.574959,follow_lane
15.100000,1273.759155,-82.575066,follow_lane
15.150000,1273.994995,-82.575165,waiting_left
15.200000,1274.238647,-82.575310,waiting_left
15.250000,1274.486328,-82.575447,waiting_left
15.300000,1274.731689,-82.575592,waiting_left
15.350000,1274.969238,-82.575737,waiting_left
15.400000,1275.196045,-82.575851,waiting_left
15.450000,1275.409790,-82.575943,waiting_left
15.500000,1275.610718,-82.576042,waiting_left
15.550000,1275.799561,-82.576141,waiting_left
15.600000,1275.977173,-82.576248,waiting_left
15.650000,1276.145020,-82.576347,waiting_left
15.700000,1276.302979,-82.576447,waiting_left
15.750000,1276.451904,-82.576538,waiting_left
15.800000,1276.591797,-82.576637,waiting_left
15.850000,1276.723755,-82.576714,waiting_left
15.900000,1276.848022,-82.576759,waiting_left
15.950000,1276.965088,-82.576805,waiting_left
16.000000,1277.075073,-82.576851,waiting_left
16.050000,1277.178833,-82.576904,waiting_left
16.100000,1277.276367,-82.576950,waiting_left
16.150000,1277.368286,-82.577003,waiting_left
16.200000,1277.454956,-82.577049,waiting_left
16.250000,1277.527344,-82.577095,waiting_left
16.300000,1277.577759,-82.577133,waiting_left
16.350000,1277.628540,-82.577148,waiting_left
16.400000,1277.679077,-82.577187,waiting_left
16.450000,1277.729736,-82.577232,waiting_left
16.500000,1277.780151,-82.577263,waiting_left
16.550000,1277.831055,-82.577293,waiting_left
16.600000,1277.882202,-82.577339,waiting_left
16.650000,1277.934082,-82.577370,waiting_left
16.700000,1277.986328,-82.577423,waiting_left
16.750000,1278.039551,-82.577469,waiting_left
16.800000,1278.093750,-82.577507,waiting_left
16.850000,1278.148926,-82.577560,waiting_left
16.900000,1278.203857,-82.577606,waiting_left
16.950000,1278.258301,-82.577606,waiting_left
17.000000,1278.312134,-82.577644,waiting_left
17.050000,1278.365356,-82.577644,waiting_left
17.100000,1278.417725,-82.577675,waiting_left
17.150000,1278.469604,-82.577682,waiting_left
17.200000,1278.520386,-82.577682,waiting_left
17.250000,1278.570312,-82.577675,waiting_left
17.300000,1278.618896,-82.577675,waiting_left
17.350000,1278.666382,-82.577675,waiting_left
17.400000,1278.712646,-82.577675,waiting_left
17.450000,1278.758301,-82.577675,waiting_left
17.500000,1278.802734,-82.577682,waiting_left
17.550000,1278.846436,-82.577682,waiting_left
17.600000,1278.889404,-82.577690,waiting_left
17.650000,1278.931519,-82.577690,waiting_left
17.700000,1278.972900,-82.577705,waiting_left
17.750000,1279.013672,-82.577713,waiting_left
17.800000,1279.053833,-82.577721,waiting_left
17.850000,1279.093140,-82.577721,waiting_left
17.900000,1279.131592,-82.577736,waiting_left
17.950000,1279.169556,-82.577751,waiting_left
18.000000,1279.206909,-82.577759,waiting_left
18.050000,1279.243774,-82.577789,waiting_left
18.100000,1279.280029,-82.577805,waiting_left
18.150000,1279.315796,-82.577805,waiting_left
18.200000,1279.350952,-82.577827,waiting_left
18.250000,1279.385742,-82.577858,waiting_left
18.300000,1279.420166,-82.577858,waiting_left
18.350000,1279.453979,-82.577866,waiting_left
18.400000,1279.487671,-82.577888,waiting_left
18.450000,1279.520630,-82.577911,waiting_left
18.500000,1279.526733,-82.577911,waiting_left
18.550000,1279.531982,-82.577881,waiting_left
18.600000,1279.538208,-82.577888,waiting_left
18.650000,1279.545166,-82.577896,waiting_left
18.700000,1279.553833,-82.577919,waiting_left
18.750000,1279.567139,-82.577934,waiting_left
18.800000,1279.583374,-82.577896,waiting_left
18.850000,1279.603271,-82.577888,waiting_left
18.900000,1279.623535,-82.577789,waiting_left
18.950000,1279.644287,-82.577721,waiting_left
19.000000,1279.664795,-82.577621,waiting_left
19.050000,1279.686890,-82.577560,waiting_left
19.100000,1279.708496,-82.577408,waiting_left
19.150000,1279.730469,-82.577339,waiting_left
19.200000,1279.751831,-82.577194,waiting_left
19.250000,1279.756226,-82.577217,waiting_left
19.300000,1279.759766,-82.577225,waiting_left
19.350000,1279.764771,-82.577225,waiting_left
19.400000,1279.770142,-82.577225,waiting_left
19.450000,1279.776001,-82.577217,waiting_left
19.500000,1279.782227,-82.577194,waiting_left
19.550000,1279.790771,-82.577164,waiting_left
19.600000,1279.799561,-82.577164,waiting_left
19.650000,1279.801270,-82.577164,waiting_left
19.700000,1279.805176,-82.577156,waiting_left
19.750000,1279.810181,-82.577164,waiting_left
19.800000,1279.815430,-82.577156,waiting_left
19.850000,1279.816528,-82.577156,waiting_left
19.900000,1279.818604,-82.577164,waiting_left
19.950000,1279.821899,-82.577148,waiting_left
20.000000,1279.825317,-82.577179,waiting_left
20.050000,1279.826294,-82.577164,waiting_left
20.100000,1279.827759,-82.577133,waiting_left
20.150000,1279.829834,-82.577110,waiting_left
20.200000,1279.830078,-82.577118,waiting_left
20.250000,1279.832764,-82.577042,waiting_left
20.300000,1279.833862,-82.577049,waiting_left
20.350000,1279.835083,-82.577057,waiting_left
20.400000,1279.836304,-82.577118,waiting_left
20.450000,1279.837646,-82.577080,waiting_left
20.500000,1279.838379,-82.577087,waiting_left
20.550000,1279.839966,-82.577095,waiting_left
20.600000,1279.841675,-82.577133,waiting_left
20.650000,1279.841675,-82.577133,waiting_left
20.700000,1279.843140,-82.577126,waiting_left
20.750000,1279.845581,-82.577087,waiting_left
20.800000,1279.845947,-82.577087,waiting_left
20.850000,1279.845947,-82.577087,waiting_left
20.900000,1279.845703,-82.577133,waiting_left
20.950000,1279.847290,-82.577148,waiting_left
21.000000,1279.850098,-82.577148,waiting_left
21.050000,1279.850708,-82.577148,waiting_left
21.100000,1279.850708,-82.577148,waiting_left
21.150000,1279.850586,-82.577156,waiting_left
21.200000,1279.850586,-82.577148,waiting_left
21.250000,1279.850586,-82.577156,waiting_left
21.300000,1279.850098,-82.577133,waiting_left
21.350000,1279.851929,-82.577133,waiting_left
21.400000,1279.854248,-82.577133,waiting_left
21.450000,1279.857178,-82.577133,waiting_left
21.500000,1279.857666,-82.577133,waiting_left
21.550000,1279.857666,-82.577126,waiting_left
21.600000,1279.857544,-82.577126,waiting_left
21.650000,1279.857544,-82.577126,waiting_left
21.700000,1279.857544,-82.577126,changing_left
21.750000,1279.856812,-82.577087,changing_left
21.800000,1279.858521,-82.577263,changing_left
21.850000,1279.858765,-82.577232,changing_left
21.900000,1279.859375,-82.577446,changing_left
21.950000,1279.862915,-82.578346,changing_left
22.000000,1279.867065,-82.579971,changing_left
22.050000,1279.871216,-82.581688,changing_left
22.100000,1279.875244,-82.583664,changing_left
22.150000,1279.879761,-82.585663,changing_left
22.200000,1279.884277,-82.587921,changing_left
22.250000,1279.889160,-82.590256,changing_left
22.300000,1279.895996,-82.593918,changing_left
22.350000,1279.904053,-82.597755,changing_left
22.400000,1279.914062,-82.602783,changing_left
22.450000,1279.926270,-82.608498,changing_left
22.500000,1279.939209,-82.615448,changing_left
22.550000,1279.951904,-82.622238,changing_left
22.600000,1279.965088,-82.629723,changing_left
22.650000,1279.980225,-82.637749,changing_left
22.700000,1279.997192,-82.647270,changing_left
22.750000,1280.016968,-82.657898,changing_left
22.800000,1280.036011,-82.668495,changing_left
22.850000,1280.054932,-82.679474,changing_left
22.900000,1280.074219,-82.690536,changing_left
22.950000,1280.093140,-82.701775,changing_left
23.000000,1280.111328,-82.713188,changing_left
23.050000,1280.128540,-82.723961,changing_left
23.100000,1280.145752,-82.735153,changing_left
23.150000,1280.162476,-82.745811,changing_left
23.200000,1280.179077,-82.756783,changing_left
23.250000,1280.194580,-82.767120,changing_left
23.300000,1280.209717,-82.777672,changing_left
23.350000,1280.224609,-82.787766,changing_left
23.400000,1280.239258,-82.798111,changing_left
23.450000,1280.253296,-82.807892,changing_left
23.500000,1280.267212,-82.817947,changing_left
23.550000,1280.280640,-82.827431,changing_left
23.600000,1280.294189,-82.837486,changing_left
23.650000,1280.307251,-82.846954,changing_left
23.700000,1280.320312,-82.856880,changing_left
23.750000,1280.332886,-82.866318,changing_left
23.800000,1280.345459,-82.876030,changing_left
23.850000,1280.357544,-82.885048,changing_left
23.900000,1280.369751,-82.894676,changing_left
23.950000,1280.381348,-82.903717,changing_left
24.000000,1280.393555,-82.913506,changing_left
24.050000,1280.411865,-82.927185,changing_left
24.100000,1280.434692,-82.944458,changing_left
24.150000,1280.463989,-82.967529,changing_left
24.200000,1280.499756,-82.995728,changing_left
24.250000,1280.542603,-83.031296,changing_left
24.300000,1280.591919,-83.073219,changing_left
24.350000,1280.646973,-83.122032,changing_left
24.400000,1280.708130,-83.178696,changing_left
24.450000,1280.776123,-83.244644,changing_left
24.500000,1280.850342,-83.320808,changing_left
24.550000,1280.930786,-83.408623,changing_left
24.600000,1281.016968,-83.509140,changing_left
24.650000,1281.106812,-83.622124,changing_left
24.700000,1281.205322,-83.744820,changing_left
24.750000,1281.320557,-83.870537,changing_left
24.800000,1281.448853,-83.997467,changing_left
24.850000,1281.587280,-84.122078,changing_left
24.900000,1281.734985,-84.240273,changing_left
24.950000,1281.888916,-84.351524,passing
25.000000,1282.048828,-84.453384,passing
25.050000,1282.213379,-84.546120,passing
25.100000,1282.382568,-84.629471,passing
25.150000,1282.555786,-84.702156,passing
25.200000,1282.731812,-84.762848,passing
25.250000,1282.909546,-84.810333,passing
25.300000,1283.087646,-84.843544,passing
25.350000,1283.266968,-84.864586,passing
25.400000,1283.448608,-84.880234,passing
25.450000,1283.632568,-84.894508,passing
25.500000,1283.817261,-84.908745,passing
25.550000,1284.000732,-84.924034,passing
25.600000,1284.181396,-84.937187,passing
25.650000,1284.357788,-84.950279,passing
25.700000,1284.530029,-84.961891,passing
25.750000,1284.698975,-84.970772,passing
25.800000,1284.866577,-84.980522,passing
25.850000,1285.034912,-84.992058,passing
25.900000,1285.207275,-85.003456,passing
25.950000,1285.384033,-85.014229,passing
26.000000,1285.566650,-85.027863,passing
26.050000,1285.756592,-85.043648,passing
26.100000,1285.952515,-85.060104,passing
26.150000,1286.150757,-85.077057,passing
26.200000,1286.350098,-85.093750,passing
26.250000,1286.549316,-85.111343,passing
26.300000,1286.745728,-85.129356,passing
26.350000,1286.938965,-85.147072,passing
26.400000,1287.130615,-85.164459,passing
26.450000,1287.322754,-85.181679,passing
26.500000,1287.517456,-85.198875,passing
26.550000,1287.715942,-85.216118,passing
26.600000,1287.916260,-85.233261,passing
26.650000,1288.114868,-85.249939,passing
26.700000,1288.310791,-85.266121,passing
26.750000,1288.505127,-85.281914,changing_right
26.800000,1288.700073,-85.293121,changing_right
26.850000,1288.894409,-85.293785,changing_right
26.900000,1289.086670,-85.281784,changing_right
26.950000,1289.276489,-85.255760,changing_right
27.000000,1289.463989,-85.217224,changing_right
27.050000,1289.651245,-85.170982,changing_right
27.100000,1289.841797,-85.122398,changing_right
27.150000,1290.035278,-85.076065,changing_right
27.200000,1290.227051,-85.030083,changing_right
27.250000,1290.415527,-84.982712,changing_right
27.300000,1290.602539,-84.938072,changing_right
27.350000,1290.786011,-84.895309,changing_right
27.400000,1290.963989,-84.853561,changing_right
27.450000,1291.136841,-84.812302,changing_right
27.500000,1291.305298,-84.771103,changing_right
27.550000,1291.471558,-84.734383,changing_right
27.600000,1291.636353,-84.700584,changing_right
27.650000,1291.798584,-84.667709,changing_right
27.700000,1291.959351,-84.635178,changing_right
27.750000,1292.120483,-84.602554,changing_right
27.800000,1292.282227,-84.573936,changing_right
27.850000,1292.443115,-84.548134,changing_right
27.900000,1292.603271,-84.520660,changing_right
27.950000,1292.764648,-84.492935,changing_right
28.000000,1292.928223,-84.465202,changing_right
28.050000,1293.093506,-84.437447,changing_right
28.100000,1293.260010,-84.409790,changing_right
28.150000,1293.428833,-84.382027,changing_right
28.200000,1293.600464,-84.354126,changing_right
28.250000,1293.773193,-84.326355,changing_right
28.300000,1293.946167,-84.298843,changing_right
28.350000,1294.118408,-84.271767,changing_right
28.400000,1294.289551,-84.245171,changing_right
28.450000,1294.458618,-84.219215,changing_right
28.500000,1294.626953,-84.193748,changing_right
28.550000,1294.796387,-84.169174,changing_right
28.600000,1294.967896,-84.144844,changing_right
28.650000,1295.141113,-84.120476,changing_right
28.700000,1295.315308,-84.096046,changing_right
28.750000,1295.492065,-84.071335,changing_right
28.800000,1295.672119,-84.046371,changing_right
28.850000,1295.855713,-84.021187,changing_right
28.900000,1296.041382,-83.996078,changing_right
28.950000,1296.225342,-83.971535,changing_right
29.000000,1296.405029,-83.947876,changing_right
29.050000,1296.581055,-83.925018,changing_right
29.100000,1296.755737,-83.904091,changing_right
29.150000,1296.928833,-83.884247,changing_right
29.200000,1297.100830,-83.865005,changing_right
29.250000,1297.273193,-83.846260,changing_right
29.300000,1297.445801,-83.828018,changing_right
29.350000,1297.617188,-83.810402,changing_right
29.400000,1297.787842,-83.792778,changing_right
29.450000,1297.958984,-83.774826,changing_right
29.500000,1298.131836,-83.756432,changing_right
29.550000,1298.307251,-83.737778,changing_right
29.600000,1298.485962,-83.718979,changing_right
29.650000,1298.666382,-83.700180,changing_right
29.700000,1298.846313,-83.681679,changing_right
29.750000,1299.024292,-83.663612,changing_right
29.800000,1299.200928,-83.645943,changing_right
29.850000,1299.376831,-83.628593,changing_right
29.900000,1299.553345,-83.611397,changing_right
29.950000,1299.729614,-83.594460,changing_right
30.000000,1299.906006,-83.577782,changing_right
30.050000,1300.083740,-83.560791,changing_right
30.100000,1300.262329,-83.543465,changing_right
30.150000,1300.440063,-83.527634,changing_right
30.200000,1300.617676,-83.512238,changing_right
30.250000,1300.797607,-83.496346,changing_right
30.300000,1300.982300,-83.479889,changing_right
30.350000,1301.170654,-83.462906,changing_right
30.400000,1301.359131,-83.446022,changing_right
30.450000,1301.545776,-83.429489,changing_right
30.500000,1301.729126,-83.413200,changing_right
30.550000,1301.907837,-83.399605,changing_right
30.600000,1302.082153,-83.386902,changing_right
30.650000,1302.254150,-83.373962,changing_right
30.700000,1302.425781,-83.360634,changing_right
30.750000,1302.596802,-83.347061,changing_right
30.800000,1302.766724,-83.335480,changing_right
30.850000,1302.935181,-83.324333,changing_right
30.900000,1303.103271,-83.313347,changing_right
30.950000,1303.271973,-83.302261,changing_right
31.000000,1303.441650,-83.290955,changing_right
31.050000,1303.612793,-83.279770,changing_right
31.100000,1303.784302,-83.268394,changing_right
31.150000,1303.955933,-83.256798,changing_right
31.200000,1304.129028,-83.244987,changing_right
31.250000,1304.305176,-83.232872,changing_right
31.300000,1304.484619,-83.220421,changing_right
31.350000,1304.666016,-83.207741,changing_right
31.400000,1304.847046,-83.197495,changing_right
31.450000,1305.026245,-83.188103,changing_right
31.500000,1305.203979,-83.178413,changing_right
31.550000,1305.380859,-83.168404,changing_right
31.600000,1305.556763,-83.158165,changing_right
31.650000,1305.730957,-83.148933,changing_right
31.700000,1305.904297,-83.140045,changing_right
31.750000,1306.078613,-83.131088,changing_right
31.800000,1306.253662,-83.122070,changing_right
31.850000,1306.428589,-83.112984,changing_right
31.900000,1306.602539,-83.103806,changing_right
31.950000,1306.775024,-83.094666,changing_right
32.000000,1306.945435,-83.085564,changing_right
32.050000,1307.113770,-83.076462,changing_right
32.100000,1307.279785,-83.067421,changing_right
32.150000,1307.444458,-83.058388,changing_right
32.200000,1307.609619,-83.049423,changing_right
32.250000,1307.775635,-83.042305,changing_right
32.300000,1307.943237,-83.034851,changing_right
32.350000,1308.112183,-83.027267,changing_right
32.400000,1308.281738,-83.019760,changing_right
32.450000,1308.451660,-83.012321,changing_right
32.500000,1308.620361,-83.004959,changing_right
32.550000,1308.788208,-82.997673,changing_right
32.600000,1308.955566,-82.990448,changing_right
32.650000,1309.121094,-82.983299,changing_right
32.700000,1309.285889,-82.976181,changing_right
32.750000,1309.452637,-82.968941,changing_right
32.800000,1309.622803,-82.961769,changing_right
32.850000,1309.796509,-82.954224,changing_right
32.900000,1309.971802,-82.947617,changing_right
32.950000,1310.147705,-82.940758,changing_right
33.000000,1310.322998,-82.934464,follow_lane
33.050000,1310.498169,-82.928604,follow_lane
33.100000,1310.676514,-82.922882,follow_lane
33.150000,1310.860962,-82.917221,follow_lane
33.200000,1311.053589,-82.911560,follow_lane
33.250000,1311.255859,-82.905907,follow_lane
33.300000,1311.468384,-82.900246,follow_lane
33.350000,1311.691040,-82.894638,follow_lane
33.400000,1311.923706,-82.889122,follow_lane
33.450000,1312.166748,-82.883720,follow_lane
33.500000,1312.420166,-82.878502,follow_lane
33.550000,1312.683228,-82.871658,follow_lane
33.600001,1312.947144,-82.863983,follow_lane
33.650001,1313.209351,-82.856369,follow_lane
33.700001,1313.471558,-82.848335,follow_lane
33.750001,1313.735107,-82.840378,follow_lane
33.800001,1314.000000,-82.832008,follow_lane
33.850001,1314.265625,-82.823692,follow_lane
33.900001,1314.553101,-82.814423,follow_lane
33.950001,1314.864502,-82.804550,follow_lane
34.000001,1315.183350,-82.794952,follow_lane
34.050001,1315.502686,-82.786072,follow_lane
34.100001,1315.819824,-82.777374,follow_lane
34.150001,1316.133301,-82.769341,follow_lane
34.200001,1316.441162,-82.761833,follow_lane
34.250001,1316.743286,-82.755249,follow_lane
34.300001,1317.040649,-82.749008,follow_lane
34.350001,1317.334839,-82.743561,follow_lane
34.400001,1317.617920,-82.738609,follow_lane
34.450001,1317.873291,-82.734604,follow_lane
34.500001,1318.108154,-82.731407,follow_lane
34.550001,1318.333862,-82.728882,follow_lane
34.600001,1318.557495,-82.726768,follow_lane
34.650001,1318.784668,-82.724907,follow_lane
34.700001,1319.018311,-82.723297,follow_lane
34.750001,1319.259766,-82.721931,follow_lane
34.800001,1319.510254,-82.719452,follow_lane
34.850001,1319.770142,-82.716324,follow_lane
34.900001,1320.034912,-82.712959,follow_lane
34.950001,1320.299927,-82.709595,follow_lane
35.000001,1320.563843,-82.706085,follow_lane
35.050001,1320.828735,-82.702545,follow_lane
35.100001,1321.094849,-82.699013,follow_lane
35.150001,1321.362061,-82.695457,follow_lane
35.200001,1321.635742,-82.691826,follow_lane
35.250001,1321.935303,-82.687752,follow_lane
35.300001,1322.248901,-82.683762,follow_lane
35.350001,1322.563599,-82.680016,follow_lane
35.400001,1322.876099,-82.676964,follow_lane
35.450001,1323.184448,-82.674004,follow_lane
35.500001,1323.487915,-82.671562,follow_lane
35.550001,1323.785278,-82.669197,follow_lane
35.600001,1324.076172,-82.667336,follow_lane
35.650001,1324.363281,-82.665527,follow_lane
35.700001,1324.646729,-82.664177,follow_lane
35.750001,1324.897827,-82.662895,follow_lane
35.800001,1325.107178,-82.662010,follow_lane
35.850001,1325.309326,-82.660858,follow_lane
35.900001,1325.508911,-82.659637,follow_lane
35.950001,1325.710693,-82.658325,follow_lane
36.000001,1325.918457,-82.656960,follow_lane
36.050001,1326.133911,-82.655518,follow_lane
36.100001,1326.358521,-82.653999,follow_lane
36.150001,1326.592529,-82.652390,follow_lane
36.200001,1326.836426,-82.650787,follow_lane
36.250001,1327.090454,-82.649223,follow_lane
36.300001,1327.353882,-82.647705,follow_lane
36.350001,1327.619141,-82.646240,follow_lane
36.400001,1327.883301,-82.644920,follow_lane
36.450001,1328.146973,-82.643593,follow_lane
36.500001,1328.412109,-82.642662,follow_lane
36.550001,1328.678223,-82.641281,follow_lane
36.600001,1328.945435,-82.639992,follow_lane
36.650001,1329.234497,-82.638535,follow_lane
36.700001,1329.545898,-82.636772,follow_lane
36.750001,1329.863037,-82.634819,follow_lane
36.800001,1330.180542,-82.633102,follow_lane
36.850001,1330.495605,-82.631210,follow_lane
36.900001,1330.806396,-82.629578,follow_lane
36.950001,1331.112183,-82.627785,follow_lane
37.000001,1331.411865,-82.626297,follow_lane
37.050001,1331.706543,-82.624596,follow_lane
37.100001,1331.998291,-82.623161,follow_lane
37.150001,1332.275024,-82.621506,follow_lane
37.200001,1332.500488,-82.620415,follow_lane
37.250001,1332.711548,-82.619316,follow_lane
37.300001,1332.920166,-82.618042,follow_lane
37.350001,1333.131592,-82.616684,follow_lane
37.400001,1333.348877,-82.615219,follow_lane
37.450001,1333.573975,-82.613976,follow_lane
37.500001,1333.808105,-82.613327,follow_lane
37.550001,1334.051270,-82.613007,follow_lane
37.600001,1334.304199,-82.617569,follow_lane
37.650001,1334.563599,-82.631241,follow_lane
37.700001,1334.819336,-82.652885,follow_lane
37.750001,1335.070435,-82.685471,follow_lane
37.800001,1335.320435,-82.721306,follow_lane
