t_rel_s,steer,throttle,brake,controller_compute_time_ms
0.000000,0.000000,0.750000,0.000000,8.975766
0.050000,0.000000,0.750000,0.000000,9.909056
0.100000,0.000100,0.750000,0.000000,21.872026
0.150000,0.000100,0.750000,0.000000,20.616792
0.200000,0.000100,0.750000,0.000000,22.225198
0.250000,0.000100,0.750000,0.000000,20.999028
0.300000,0.000100,0.750000,0.000000,20.903178
0.350000,0.000100,0.750000,0.000000,31.290132
0.400000,0.000100,0.750000,0.000000,34.824080
0.450000,0.000100,0.750000,0.000000,24.907118
0.500000,0.000100,0.750000,0.000000,23.547829
0.550000,0.000100,0.750000,0.000000,22.643843
0.600000,0.000100,0.750000,0.000000,23.907915
0.650000,0.000200,0.750000,0.000000,37.489259
0.700000,-0.000300,0.750000,0.000000,38.359543
0.750000,-0.001000,0.750000,0.000000,36.256999
0.800000,-0.001000,0.750000,0.000000,39.898999
0.850000,-0.001000,0.750000,0.000000,38.926235
0.900000,-0.001300,0.750000,0.000000,39.845379
0.950000,-0.001300,0.750000,0.000000,37.823957
1.000000,-0.001300,0.750000,0.000000,38.840845
1.050000,-0.001300,0.750000,0.000000,40.821930
1.100000,-0.001300,0.750000,0.000000,36.257800
1.150000,0.000000,0.750000,0.000000,36.168060
1.200000,0.000000,0.750000,0.000000,21.136064
1.250000,0.000000,0.750000,0.000000,8.271485
1.300000,0.000000,0.750000,0.000000,7.756859
1.350000,-0.000100,0.750000,0.000000,21.865303
1.400000,-0.000100,0.750000,0.000000,18.333558
1.450000,-0.000100,0.750000,0.000000,21.819718
1.500000,-0.000100,0.750000,0.000000,17.750996
1.550000,-0.000100,0.750000,0.000000,19.593862
1.600000,-0.000100,0.750000,0.000000,18.293143
1.650000,-0.000100,0.750000,0.000000,19.342642
1.700000,-0.000100,0.750000,0.000000,18.963189
1.750000,-0.000100,0.750000,0.000000,20.188017
1.800000,0.000000,0.750000,0.000000,20.978641
1.850000,0.000000,0.750000,0.000000,8.993960
1.900000,0.000000,0.750000,0.000000,9.536607
1.950000,0.000000,0.750000,0.000000,8.743491
2.000000,0.000200,0.750000,0.000000,36.752858
2.050000,-0.000100,0.750000,0.000000,42.197350
2.100000,0.000300,0.750000,0.000000,35.372279
2.150000,0.000000,0.750000,0.000000,39.956386
2.200000,0.000300,0.750000,0.000000,41.104470
2.250000,0.000000,0.750000,0.000000,34.257818
2.300000,0.000500,0.028894,0.000000,40.973645
2.350000,0.000600,0.000000,0.300000,39.933584
2.400000,0.000900,0.000000,0.300000,42.904196
2.450000,0.000900,0.000000,0.300000,39.560264
2.500000,0.000900,0.000000,0.300000,35.388779
2.550000,0.000900,0.000000,0.300000,40.402614
2.600000,0.000900,0.000000,0.300000,39.682394
2.650000,0.000900,0.000000,0.300000,40.573373
2.700000,0.000900,0.000000,0.098139,40.597569
2.750000,0.000200,0.089037,0.000000,39.355530
2.800000,0.000200,0.445347,0.000000,44.445687
2.850000,-0.000300,0.750000,0.000000,34.035712
2.900000,-0.000500,0.750000,0.000000,32.026052
2.950000,-0.001900,0.750000,0.000000,39.888931
3.000000,-0.000700,0.750000,0.000000,38.981328
3.050000,-0.000700,0.750000,0.000000,40.574717
3.100000,-0.000700,0.750000,0.000000,37.571353
3.150000,-0.000700,0.750000,0.000000,40.161511
3.200000,-0.000700,0.750000,0.000000,28.053170
3.250000,-0.000400,0.750000,0.000000,38.361735
3.300000,-0.000400,0.750000,0.000000,30.531889
3.350000,-0.000400,0.750000,0.000000,31.344052
3.400000,-0.000400,0.750000,0.000000,37.708279
3.450000,0.000000,0.750000,0.000000,36.067222
3.500000,0.000000,0.750000,0.000000,24.289971
3.550000,0.000000,0.195384,0.000000,22.891659
3.600000,0.000000,0.000000,0.300000,21.196358
3.650000,0.000000,0.000000,0.300000,9.433424
3.700000,0.000000,0.000000,0.300000,9.683644
3.750000,0.000000,0.000000,0.300000,8.287616
3.800000,0.000000,0.000000,0.300000,10.258142
3.850000,0.000000,0.000000,0.300000,9.172585
3.900000,0.000000,0.000000,0.300000,22.878023
3.950000,-0.000100,0.020573,0.000000,22.614219
4.000000,-0.000100,0.264572,0.000000,19.074227
4.050000,-0.000100,0.457663,0.000000,21.309260
4.100000,-0.000100,0.750000,0.000000,18.820112
4.150000,-0.000100,0.750000,0.000000,19.292487
4.200000,-0.000100,0.750000,0.000000,34.857091
4.250000,-0.000100,0.750000,0.000000,36.956490
4.300000,0.000000,0.750000,0.000000,37.486225
4.350000,0.000000,0.750000,0.000000,23.966114
4.400000,0.000000,0.750000,0.000000,8.550308
4.450000,0.000000,0.750000,0.000000,22.562581
4.500000,0.000000,0.750000,0.000000,21.296277
4.550000,-0.000200,0.750000,0.000000,38.188971
4.600000,-0.001200,0.750000,0.000000,30.344247
4.650000,-0.000700,0.750000,0.000000,37.648948
4.700000,-0.000700,0.750000,0.000000,35.613051
4.750000,-0.000700,0.750000,0.000000,37.581111
4.800000,-0.000100,0.000000,0.300000,27.013009
4.850000,-0.000200,0.000000,0.300000,25.956818
4.900000,-0.000200,0.000000,0.300000,25.419870
4.950000,-0.000200,0.000000,0.300000,26.951754
5.000000,-0.000200,0.000000,0.300000,24.412651
5.050000,-0.000200,0.000000,0.300000,26.814306
5.100000,-0.000100,0.000000,0.300000,31.873215
5.150000,-0.000100,0.000000,0.300000,17.882533
5.200000,-0.000100,0.002595,0.000000,19.840816
5.250000,-0.000100,0.055731,0.000000,17.892642
5.300000,-0.000100,0.750000,0.000000,36.474937
5.350000,-0.000200,0.750000,0.000000,33.151623
5.400000,-0.000300,0.750000,0.000000,32.869063
5.450000,-0.001200,0.750000,0.000000,32.316638
5.500000,-0.000800,0.750000,0.000000,39.470125
5.550000,-0.000800,0.750000,0.000000,35.563597
5.600000,-0.000800,0.750000,0.000000,38.536724
5.650000,-0.000200,0.750000,0.000000,35.162656
5.700000,-0.000400,0.750000,0.000000,39.221047
5.750000,0.000100,0.750000,0.000000,44.922502
5.800000,-0.000200,0.750000,0.000000,40.834324
5.850000,0.000200,0.750000,0.000000,37.771508
5.900000,-0.000100,0.750000,0.000000,42.489688
5.950000,0.000300,0.750000,0.000000,37.074902
6.000000,-0.000100,0.750000,0.000000,40.209352
6.050000,0.000500,0.402333,0.000000,39.233061
6.100000,0.000600,0.000000,0.300000,43.428300
6.150000,0.000900,0.000000,0.300000,41.997616
6.200000,0.000900,0.000000,0.300000,40.024324
6.250000,0.000900,0.000000,0.300000,36.206524
6.300000,0.000900,0.000000,0.300000,37.174279
6.350000,0.000900,0.000000,0.300000,41.506264
6.400000,0.000900,0.000000,0.300000,39.713962
6.450000,0.000900,0.006363,0.000000,42.866366
6.500000,0.000200,0.156897,0.000000,39.964081
6.550000,0.000300,0.489904,0.000000,37.071976
6.600000,0.000000,0.750000,0.000000,31.898944
6.650000,0.000100,0.750000,0.000000,36.280251
6.700000,0.000100,0.750000,0.000000,29.065078
6.750000,0.000100,0.750000,0.000000,29.054409
6.800000,0.000200,0.750000,0.000000,31.786603
6.850000,0.000200,0.750000,0.000000,29.537194
6.900000,0.000200,0.750000,0.000000,34.119559
6.950000,0.000300,0.750000,0.000000,36.269511
7.000000,0.000000,0.750000,0.000000,38.094935
7.050000,-0.000100,0.750000,0.000000,35.277280
7.100000,-0.000700,0.750000,0.000000,26.234017
7.150000,-0.000400,0.750000,0.000000,36.145388
7.200000,-0.000400,0.750000,0.000000,40.443750
7.250000,-0.000400,0.750000,0.000000,28.008016
7.300000,-0.000300,0.000000,0.300000,35.870303
7.350000,-0.000300,0.000000,0.300000,27.749982
7.400000,-0.000300,0.000000,0.300000,18.537412
7.450000,-0.000300,0.000000,0.300000,35.071704
7.500000,0.000000,0.000000,0.300000,33.540373
7.550000,0.000000,0.000000,0.300000,24.907660
7.600000,0.000000,0.000000,0.300000,21.585489
7.650000,0.000000,0.000000,0.300000,20.657547
7.700000,0.000000,0.000000,0.300000,21.556805
7.750000,0.000000,0.059059,0.000000,10.438820
7.800000,0.000000,0.750000,0.000000,20.060107
7.850000,0.000000,0.750000,0.000000,21.291907
7.900000,0.000000,0.750000,0.000000,21.452479
7.950000,0.000000,0.750000,0.000000,21.387687
8.000000,0.000000,0.750000,0.000000,21.810280
8.050000,0.000000,0.750000,0.000000,22.996145
8.100000,0.000000,0.750000,0.000000,20.095062
8.150000,0.000000,0.750000,0.000000,8.824492
8.200000,-0.000100,0.750000,0.000000,19.412592
8.250000,0.000000,0.750000,0.000000,34.127503
8.300000,0.000000,0.750000,0.000000,22.975436
8.350000,-0.000300,0.750000,0.000000,24.736899
8.400000,-0.000300,0.750000,0.000000,36.707592
8.450000,-0.000300,0.750000,0.000000,19.310051
8.500000,-0.000100,0.750000,0.000000,34.289628
8.550000,-0.000100,0.697049,0.000000,20.717620
8.600000,-0.000100,0.000000,0.300000,16.649350
8.650000,-0.000100,0.000000,0.300000,20.693806
8.700000,-0.000100,0.000000,0.300000,35.904536
8.750000,0.000000,0.000000,0.300000,19.926106
8.800000,0.000000,0.000000,0.300000,8.720628
8.850000,0.000000,0.000000,0.300000,8.267377
8.900000,0.000000,0.000000,0.300000,8.985103
8.950000,0.000000,0.000000,0.300000,9.449955
9.000000,0.000000,0.000000,0.300000,8.660445
9.050000,0.000000,0.000000,0.238362,8.489214
9.100000,0.000000,0.750000,0.000000,24.975858
9.150000,0.001000,0.750000,0.000000,39.520769
9.200000,0.007500,0.750000,0.000000,41.225397
9.250000,0.003200,0.750000,0.000000,40.895188
9.300000,0.003200,0.750000,0.000000,37.371138
9.350000,0.003200,0.750000,0.000000,39.897557
9.400000,0.003200,0.750000,0.000000,38.834202
9.450000,0.000500,0.750000,0.000000,29.010906
9.500000,0.000900,0.750000,0.000000,36.291241
9.550000,0.001000,0.750000,0.000000,38.251520
9.600000,0.001000,0.750000,0.000000,37.491363
9.650000,0.001000,0.750000,0.000000,39.838988
9.700000,0.001000,0.750000,0.000000,41.510923
9.750000,0.000200,0.750000,0.000000,25.037954
9.800000,0.000200,0.750000,0.000000,22.425474
9.850000,0.000200,0.750000,0.000000,26.400460
9.900000,0.000200,0.073245,0.000000,27.922165
9.950000,0.000300,0.000000,0.300000,35.886693
10.000000,0.000100,0.000000,0.300000,26.625512
10.050000,0.000100,0.000000,0.300000,12.096550
10.100000,0.000200,0.000000,0.300000,18.552340
10.150000,0.000100,0.000000,0.300000,28.560020
10.200000,0.000100,0.000000,0.300000,21.315281
10.250000,0.000100,0.000000,0.300000,22.628244
10.300000,0.000100,0.000000,0.094494,22.804194
10.350000,0.000100,0.000000,0.034680,18.939927
10.400000,0.000000,0.415705,0.000000,20.078291
10.450000,-0.000100,0.750000,0.000000,33.320930
10.500000,-0.000200,0.750000,0.000000,37.066346
10.550000,-0.000800,0.750000,0.000000,28.812995
10.600000,-0.000400,0.750000,0.000000,39.483611
10.650000,-0.000400,0.750000,0.000000,40.089957
10.700000,-0.000400,0.750000,0.000000,38.451925
10.750000,-0.000100,0.750000,0.000000,23.568739
10.800000,-0.000200,0.750000,0.000000,26.806160
10.850000,0.000000,0.750000,0.000000,36.576498
10.900000,0.000300,0.750000,0.000000,39.632319
10.950000,0.001100,0.588138,0.000000,39.248880
11.000000,0.001500,0.000000,0.031826,41.772484
11.050000,0.002200,0.000000,0.276297,41.092588
11.100000,0.008800,0.000000,0.085332,41.217713
11.150000,0.006500,0.380012,0.000000,38.034041
11.200000,0.006500,0.706607,0.000000,39.617832
11.250000,0.002800,0.750000,0.000000,39.038766
11.300000,0.002800,0.750000,0.000000,39.245103
11.350000,0.002800,0.750000,0.000000,41.832085
11.400000,0.002800,0.750000,0.000000,41.593257
11.450000,0.001400,0.750000,0.000000,40.464861
11.500000,0.001400,0.750000,0.000000,36.044298
11.550000,0.001400,0.750000,0.000000,35.594746
11.600000,0.001400,0.750000,0.000000,35.833564
11.650000,0.000400,0.000000,0.157667,41.477170
11.700000,0.000500,0.000000,0.300000,32.541889
11.750000,0.000500,0.000000,0.300000,28.253095
11.800000,0.000200,0.000000,0.300000,36.131182
11.850000,0.000200,0.000000,0.300000,24.730938
11.900000,0.000200,0.000000,0.300000,23.331623
11.950000,0.000100,0.000000,0.300000,24.957223
12.000000,0.000100,0.000000,0.300000,28.226685
12.050000,0.000100,0.000000,0.160818,26.754964
12.100000,0.000100,0.000000,0.077912,27.774267
12.150000,0.000100,0.595457,0.000000,19.948878
12.200000,0.000000,0.750000,0.000000,22.721871
12.250000,0.000000,0.750000,0.000000,23.091082
12.300000,0.000000,0.750000,0.000000,19.569647
12.350000,0.000000,0.750000,0.000000,23.694464
12.400000,0.000000,0.750000,0.000000,23.718480
12.450000,0.000000,0.750000,0.000000,19.907651
12.500000,0.000000,0.750000,0.000000,22.789807
12.550000,0.000000,0.750000,0.000000,23.898547
12.600000,-0.000100,0.750000,0.000000,37.968739
12.650000,0.000100,0.750000,0.000000,39.726346
12.700000,-0.000300,0.750000,0.000000,38.372595
12.750000,0.000100,0.750000,0.000000,43.837286
12.800000,-0.000300,0.750000,0.000000,37.580442
12.850000,0.000100,0.750000,0.000000,36.608417
12.900000,0.000100,0.643144,0.000000,29.616072
12.950000,0.000500,0.000000,0.300000,38.637073
13.000000,0.000500,0.000000,0.300000,42.884339
13.050000,0.000700,0.000000,0.300000,39.995741
13.100000,0.000700,0.000000,0.300000,40.451445
13.150000,0.000700,0.000000,0.300000,31.318706
13.200000,0.000700,0.000000,0.300000,39.921502
13.250000,0.000700,0.000000,0.300000,40.373469
13.300000,0.000200,0.000000,0.300000,41.518347
13.350000,0.000500,0.000000,0.300000,40.509856
13.400000,0.000100,0.000000,0.292269,35.998643
13.450000,-0.000300,0.750000,0.000000,39.789865
13.500000,0.000200,0.750000,0.000000,39.224364
13.550000,0.000400,0.750000,0.000000,37.483779
13.600000,0.001800,0.750000,0.000000,27.171335
13.650000,0.001000,0.750000,0.000000,41.064275
13.700000,0.001000,0.750000,0.000000,35.665238
13.750000,0.001000,0.750000,0.000000,42.110537
13.800000,0.001000,0.750000,0.000000,28.256632
13.850000,0.000200,0.750000,0.000000,28.575239
13.900000,0.000200,0.750000,0.000000,25.634593
13.950000,0.000300,0.750000,0.000000,36.863365
14.000000,0.000300,0.750000,0.000000,40.000981
14.050000,0.000100,0.750000,0.000000,31.074777
14.100000,0.000100,0.750000,0.000000,23.622640
14.150000,0.000200,0.750000,0.000000,25.826384
14.200000,0.000200,0.750000,0.000000,29.461341
14.250000,0.000200,0.750000,0.000000,25.280619
14.300000,0.000100,0.750000,0.000000,28.240582
14.350000,0.000100,0.000000,0.300000,13.608105
14.400000,0.000100,0.000000,0.300000,33.919704
14.450000,0.000000,0.000000,0.300000,20.377623
14.500000,0.000000,0.000000,0.300000,16.369985
14.550000,0.000000,0.000000,0.300000,8.394656
14.600000,0.000000,0.000000,0.300000,8.846714
14.650000,0.000000,0.000000,0.300000,21.241122
14.700000,0.000000,0.000000,0.300000,21.830037
14.750000,0.000000,0.000000,0.300000,22.743881
14.800000,0.000000,0.000000,0.270034,12.939611
14.850000,0.000000,0.750000,0.000000,19.693509
14.900000,0.000000,0.750000,0.000000,8.139037
14.950000,0.000000,0.750000,0.000000,14.862007
15.000000,0.000000,0.750000,0.000000,8.554486
15.050000,0.000000,0.750000,0.000000,8.344311
15.100000,0.000000,0.750000,0.000000,7.663344
15.150000,0.000000,0.363636,0.000000,7.755578
15.200000,0.000000,0.000000,0.010417,9.108895
15.250000,0.000000,0.000000,0.187500,22.362415
15.300000,0.000000,0.000000,0.364583,8.356254
15.350000,0.000000,0.000000,0.541667,8.479253
15.400000,0.000000,0.000000,0.630208,8.122205
15.450000,0.000000,0.000000,0.541667,7.753213
15.500000,0.000000,0.000000,0.477083,7.989927
15.550000,0.000000,0.000000,0.428125,21.684584
15.600000,-0.000100,0.000000,0.379750,22.970296
15.650000,-0.000100,0.000000,0.379750,33.427411
15.700000,-0.000100,0.000000,0.291208,19.158116
15.750000,-0.000100,0.000000,0.291208,18.911744
15.800000,-0.000100,0.000000,0.202667,36.279049
15.850000,0.000000,0.000000,0.202667,36.040071
15.900000,0.000000,0.000000,0.202667,8.800577
15.950000,0.000000,0.000000,0.114125,9.603773
16.000000,0.000000,0.000000,0.114125,23.406825
16.050000,0.000000,0.000000,0.114125,8.880256
16.100000,0.000000,0.000000,0.025583,22.278989
16.150000,0.000000,0.000000,0.025583,21.045785
16.200000,0.000000,0.000000,0.025583,7.794940
16.250000,0.000000,0.330545,0.000000,9.229633
16.300000,-0.000100,0.330545,0.000000,22.158162
16.350000,-0.000100,0.330545,0.000000,21.450405
16.400000,-0.000100,0.330545,0.000000,18.067349
16.450000,-0.000100,0.363636,0.000000,18.690228
16.500000,-0.000100,0.363636,0.000000,17.003233
16.550000,-0.000100,0.363636,0.000000,20.696521
16.600000,-0.000100,0.363636,0.000000,35.004960
16.650000,-0.000100,0.363636,0.000000,35.988984
16.700000,-0.000100,0.363636,0.000000,36.416236
16.750000,-0.000100,0.363636,0.000000,34.179471
16.800000,-0.000100,0.170455,0.000000,42.400081
16.850000,-0.000100,0.170455,0.000000,37.212661
16.900000,0.000000,0.170455,0.000000,34.327539
16.950000,0.000300,0.170455,0.000000,24.629329
17.000000,0.000200,0.170455,0.000000,38.684752
17.050000,0.000200,0.170455,0.000000,25.615498
17.100000,0.000200,0.170455,0.000000,24.144820
17.150000,0.000200,0.170455,0.000000,36.881570
17.200000,0.000200,0.170455,0.000000,25.350841
17.250000,0.000300,0.170455,0.000000,38.813393
17.300000,0.000300,0.170455,0.000000,39.302571
17.350000,0.000300,0.170455,0.000000,38.049931
17.400000,0.000300,0.170455,0.000000,36.694279
17.450000,0.000300,0.170455,0.000000,38.535712
17.500000,0.000300,0.170455,0.000000,19.592039
17.550000,0.000300,0.170455,0.000000,19.560239
17.600000,0.000300,0.170455,0.000000,18.248029
17.650000,0.000000,0.170455,0.000000,36.119780
17.700000,0.000100,0.170455,0.000000,22.540761
17.750000,-0.000100,0.170455,0.000000,36.392192
17.800000,0.000000,0.170455,0.000000,36.652520
17.850000,0.000100,0.170455,0.000000,22.250596
17.900000,0.000200,0.170455,0.000000,37.297801
17.950000,0.000200,0.170455,0.000000,18.224564
18.000000,0.000000,0.170455,0.000000,35.807133
18.050000,-0.000100,0.170455,0.000000,24.679051
18.100000,-0.000100,0.170455,0.000000,36.020664
18.150000,0.000100,0.170455,0.000000,33.726160
18.200000,-0.000200,0.170455,0.000000,34.538535
18.250000,-0.000300,0.170455,0.000000,35.070522
18.300000,0.000000,0.170455,0.000000,37.796386
18.350000,0.000100,0.170455,0.000000,22.137413
18.400000,-0.000300,0.170455,0.000000,37.094819
18.450000,-0.000300,0.000000,0.010417,36.764040
18.500000,-0.000300,0.363636,0.000000,34.778074
18.550000,0.000000,0.363636,0.000000,55.162540
18.600000,0.000000,0.363636,0.000000,21.768511
18.650000,-0.000200,0.363636,0.000000,32.457672
18.700000,0.000200,0.363636,0.000000,58.879682
18.750000,-0.000300,0.363636,0.000000,33.364933
18.800000,0.001000,0.363636,0.000000,38.051634
18.850000,0.001000,0.170455,0.000000,38.814394
18.900000,0.001000,0.170455,0.000000,31.424844
18.950000,0.001000,0.170455,0.000000,37.577887
19.000000,0.001000,0.170455,0.000000,34.934828
19.050000,0.001000,0.004409,0.000000,38.477133
19.100000,0.001000,0.020273,0.000000,35.802124
19.150000,0.001000,0.021773,0.000000,36.283198
19.200000,0.001000,0.000000,0.122917,36.619849
19.250000,0.001000,0.118182,0.000000,36.051874
19.300000,0.001000,0.363636,0.000000,34.762835
19.350000,0.001000,0.170455,0.000000,38.859168
19.400000,0.001000,0.170455,0.000000,21.589936
19.450000,0.001000,0.363636,0.000000,34.255364
19.500000,0.001000,0.170455,0.000000,36.521534
19.550000,0.001000,0.020045,0.000000,37.180229
19.600000,0.001000,0.000000,0.015687,36.457404
19.650000,0.001000,0.352136,0.000000,34.225488
19.700000,0.001000,0.158955,0.000000,37.609305
19.750000,0.001000,0.071045,0.000000,19.461505
19.800000,0.001000,0.000000,0.020333,40.567233
19.850000,0.001000,0.148818,0.000000,45.114161
19.900000,0.001000,0.148818,0.000000,52.064297
19.950000,0.001000,0.148818,0.000000,36.658100
20.000000,0.001000,0.000000,0.020333,36.008413
20.050000,0.001000,0.148818,0.000000,32.967046
20.100000,0.001000,0.148818,0.000000,39.581494
20.150000,0.001000,0.000000,0.020333,37.440758
20.200000,0.001000,0.148818,0.000000,35.867958
20.250000,0.001500,0.000000,0.020333,37.709533
20.300000,0.001500,0.072000,0.000000,37.195990
20.350000,0.001500,0.265182,0.000000,40.018253
20.400000,0.001500,0.124500,0.000000,33.486070
20.450000,0.001500,0.000000,0.012687,36.544147
20.500000,0.001500,0.165500,0.000000,35.715032
20.550000,0.001500,0.080273,0.000000,35.247485
20.600000,0.001500,0.000000,0.034083,34.954616
20.650000,0.001500,0.118818,0.000000,35.849744
20.700000,0.001500,0.000000,0.000000,36.476059
20.750000,0.001500,0.000000,0.047521,36.843859
20.800000,0.001500,0.000000,0.000521,40.310781
20.850000,0.001500,0.192045,0.000000,37.874762
20.900000,0.001500,0.000000,0.000000,38.316882
20.950000,0.001500,0.000000,0.000000,37.377299
21.000000,0.001500,0.000000,0.036333,38.468235
21.050000,0.001500,0.000000,0.000604,34.783164
21.100000,0.001500,0.000000,0.000208,36.159967
21.150000,0.001500,0.000000,0.000042,38.223067
21.200000,0.001500,0.000000,0.000021,35.500338
21.250000,0.001500,0.193136,0.000000,35.298210
21.300000,0.001500,0.000000,0.000000,36.125491
21.350000,0.001500,0.000000,0.000000,37.000412
21.400000,0.001500,0.000000,0.000000,35.021831
21.450000,0.001500,0.000000,0.047063,34.659521
21.500000,0.001500,0.000000,0.003083,36.736097
21.550000,0.001500,0.000000,0.000312,36.949447
21.600000,0.001500,0.000000,0.000104,36.940900
21.650000,0.001500,0.000000,0.000063,36.158293
21.700000,-0.800000,0.363636,0.000000,37.079772
21.750000,-0.800000,0.363636,0.000000,9.627860
21.800000,-0.800000,0.000000,0.950000,12.461314
21.850000,-0.800000,0.300000,0.000000,12.737140
21.900000,-0.800000,0.493182,0.000000,12.823112
21.950000,-0.800000,0.363636,0.000000,14.698400
22.000000,-0.800000,0.363636,0.000000,11.819499
22.050000,-0.800000,0.363636,0.000000,13.714074
22.100000,-0.800000,0.363636,0.000000,6.535498
22.150000,-0.800000,0.363636,0.000000,7.609983
22.200000,-0.800000,0.363636,0.000000,6.644323
22.250000,-0.800000,0.363636,0.000000,6.768577
22.300000,-0.800000,0.363636,0.000000,7.489378
22.350000,-0.800000,0.363636,0.000000,6.911404
22.400000,-0.800000,0.300000,0.000000,15.490777
22.450000,-0.800000,0.300000,0.000000,12.939431
22.500000,-0.800000,0.363636,0.000000,7.935704
22.550000,-0.800000,0.300000,0.000000,7.619632
22.600000,-0.800000,0.300000,0.000000,6.714575
22.650000,-0.800000,0.300000,0.000000,7.754626
22.700000,-0.800000,0.106818,0.000000,6.901446
22.750000,-0.800000,0.106818,0.000000,7.860394
22.800000,-0.800000,0.106818,0.000000,8.360322
22.850000,-0.800000,0.106818,0.000000,7.361338
22.900000,-0.800000,0.106818,0.000000,7.167063
22.950000,-0.800000,0.106818,0.000000,7.723717
23.000000,-0.800000,0.106818,0.000000,8.292565
23.050000,-0.800000,0.106818,0.000000,5.518600
23.100000,-0.800000,0.106818,0.000000,5.251601
23.150000,-0.800000,0.106818,0.000000,5.077915
23.200000,-0.800000,0.106818,0.000000,5.481741
23.250000,-0.800000,0.106818,0.000000,4.676432
23.300000,-0.800000,0.106818,0.000000,5.081531
23.350000,-0.800000,0.106818,0.000000,5.225241
23.400000,-0.800000,0.106818,0.000000,5.631182
23.450000,-0.800000,0.106818,0.000000,4.270010
23.500000,-0.800000,0.106818,0.000000,4.637900
23.550000,-0.800000,0.106818,0.000000,5.242533
23.600000,-0.800000,0.106818,0.000000,5.450945
23.650000,-0.800000,0.106818,0.000000,4.665471
23.700000,-0.800000,0.300000,0.000000,5.053048
23.750000,-0.800000,0.300000,0.000000,4.348767
23.800000,-0.800000,0.300000,0.000000,5.005068
23.850000,-0.800000,0.300000,0.000000,4.626168
23.900000,-0.800000,0.686364,0.000000,5.703649
23.950000,-0.800000,1.000000,0.000000,5.618229
24.000000,-0.800000,1.000000,0.000000,6.075206
24.050000,-0.800000,1.000000,0.000000,6.116002
24.100000,-0.800000,1.000000,0.000000,4.448053
24.150000,-0.800000,1.000000,0.000000,5.561090
24.200000,-0.800000,1.000000,0.000000,5.358751
24.250000,-0.800000,1.000000,0.000000,6.215128
24.300000,-0.800000,1.000000,0.000000,5.633327
24.350000,-0.800000,0.943182,0.000000,11.056679
24.400000,-0.800000,1.000000,0.000000,9.072728
24.450000,-0.800000,0.943182,0.000000,10.038158
24.500000,-0.800000,0.943182,0.000000,9.797147
24.550000,-0.800000,0.750000,0.000000,10.537987
24.600000,-0.800000,0.750000,0.000000,7.853000
24.650000,-0.520000,0.556818,0.000000,7.866075
24.700000,-0.400000,0.556818,0.000000,20.422646
24.750000,-0.280000,0.363636,0.000000,26.424314
24.800000,-0.120000,0.363636,0.000000,27.881277
24.850000,0.000000,0.363636,0.000000,31.107278
24.900000,0.120000,0.363636,0.000000,32.706769
24.950000,0.200000,0.363636,0.000000,34.814433
25.000000,0.280000,0.556818,0.000000,33.797054
25.050000,0.360000,0.363636,0.000000,32.505110
25.100000,0.440000,0.363636,0.000000,32.045057
25.150000,0.520000,0.363636,0.000000,31.736197
25.200000,0.600000,0.363636,0.000000,26.181158
25.250000,0.680000,0.556818,0.000000,21.832061
25.300000,0.680000,0.363636,0.000000,14.733546
25.350000,0.600000,0.363636,0.000000,10.903361
25.400000,0.520000,0.170455,0.000000,11.245012
25.450000,0.440000,0.170455,0.000000,12.081742
25.500000,0.360000,0.170455,0.000000,12.823533
25.550000,0.360000,0.000000,0.010417,17.305541
25.600000,0.280000,0.170455,0.000000,13.543945
25.650000,0.280000,0.363636,0.000000,22.991114
25.700000,0.280000,0.363636,0.000000,13.145237
25.750000,0.200000,0.613636,0.000000,13.693335
25.800000,0.164700,0.750000,0.000000,23.351642
25.850000,0.158800,0.556818,0.000000,23.971214
25.900000,0.152500,0.613636,0.000000,21.504647
25.950000,0.078800,0.750000,0.000000,30.152578
26.000000,0.068400,0.556818,0.000000,28.886062
26.050000,0.061400,0.170455,0.000000,34.515631
26.100000,0.048900,0.556818,0.000000,28.323286
26.150000,0.048900,0.363636,0.000000,31.472044
26.200000,0.025300,0.000000,0.010417,29.943886
26.250000,0.018600,0.363636,0.000000,29.847426
26.300000,0.018600,0.363636,0.000000,33.526576
26.350000,0.018600,0.556818,0.000000,36.284268
26.400000,0.018600,0.556818,0.000000,34.899441
26.450000,0.018600,0.613636,0.000000,31.937807
26.500000,0.018600,0.363636,0.000000,38.688519
26.550000,0.018600,0.000000,0.010417,34.545288
26.600000,0.018600,0.363636,0.000000,36.138657
26.650000,0.018600,0.363636,0.000000,37.793240
26.700000,0.018600,0.556818,0.000000,37.865064
26.750000,0.138600,0.363636,0.000000,31.568834
26.800000,0.258600,0.363636,0.000000,31.487142
26.850000,0.378600,0.556818,0.000000,33.570930
26.900000,0.498600,0.556818,0.000000,33.928811
26.950000,0.498600,0.363636,0.000000,25.062570
27.000000,0.481000,0.613636,0.000000,23.263256
27.050000,0.367000,0.227273,0.000000,24.306252
27.100000,0.269200,0.034091,0.000000,26.439012
27.150000,0.256900,0.227273,0.000000,26.937166
27.200000,0.247400,0.363636,0.000000,21.144671
27.250000,0.143800,0.000000,0.010417,23.236034
27.300000,0.143800,0.000000,0.010417,24.155759
27.350000,0.125200,0.363636,0.000000,26.175327
27.400000,0.120800,0.170455,0.000000,26.522279
27.450000,0.117100,0.363636,0.000000,25.175754
27.500000,0.014500,0.363636,0.000000,23.546827
27.550000,0.014500,0.170455,0.000000,23.625144
27.600000,0.014500,0.556818,0.000000,21.133391
27.650000,0.014500,0.556818,0.000000,21.737794
27.700000,0.014500,0.363636,0.000000,23.522982
27.750000,-0.068000,0.170455,0.000000,27.149795
27.800000,-0.066700,0.556818,0.000000,22.562380
27.850000,-0.015500,0.556818,0.000000,29.140821
27.900000,-0.026200,0.556818,0.000000,31.260876
27.950000,-0.026200,0.363636,0.000000,30.452420
28.000000,-0.026200,0.363636,0.000000,31.805598
28.050000,-0.026200,0.556818,0.000000,28.232826
28.100000,-0.026200,0.556818,0.000000,32.075565
28.150000,-0.026200,0.170455,0.000000,33.207759
28.200000,-0.026200,0.556818,0.000000,35.231976
28.250000,-0.026200,0.170455,0.000000,36.785179
28.300000,-0.026200,0.363636,0.000000,28.199034
28.350000,-0.026200,0.170455,0.000000,31.580687
28.400000,-0.026200,0.556818,0.000000,33.756959
28.450000,-0.026200,0.556818,0.000000,31.059328
28.500000,-0.039600,0.556818,0.000000,26.234459
28.550000,-0.036400,0.363636,0.000000,24.382475
28.600000,-0.032600,0.363636,0.000000,22.846032
28.650000,-0.029000,0.556818,0.000000,23.981844
28.700000,-0.025100,0.556818,0.000000,26.055332
28.750000,-0.025100,0.556818,0.000000,28.294663
28.800000,-0.025100,0.363636,0.000000,33.000259
28.850000,-0.025100,0.000000,0.010417,29.068374
28.900000,-0.025100,0.000000,0.010417,27.824691
28.950000,-0.025100,0.363636,0.000000,33.548287
29.000000,-0.025100,0.556818,0.000000,33.423042
29.050000,-0.048600,0.170455,0.000000,32.762904
29.100000,-0.046200,0.363636,0.000000,25.812427
29.150000,-0.043600,0.556818,0.000000,26.095428
29.200000,-0.043600,0.363636,0.000000,23.176192
29.250000,-0.043600,0.170455,0.000000,22.255836
29.300000,-0.043600,0.363636,0.000000,32.840229
29.350000,-0.033400,0.613636,0.000000,46.605469
29.400000,-0.025600,0.420455,0.000000,54.958156
29.450000,-0.019100,0.556818,0.000000,31.252761
29.500000,-0.019100,0.556818,0.000000,32.856209
29.550000,-0.019100,0.363636,0.000000,32.586654
29.600000,-0.019100,0.170455,0.000000,35.178285
29.650000,-0.019100,0.170455,0.000000,33.444694
29.700000,-0.019100,0.363636,0.000000,26.864770
29.750000,-0.019100,0.363636,0.000000,35.228829
29.800000,-0.019100,0.556818,0.000000,37.110539
29.850000,-0.019100,0.170455,0.000000,35.019076
29.900000,-0.019100,0.556818,0.000000,34.070526
29.950000,-0.019100,0.556818,0.000000,33.180058
30.000000,-0.012415,0.363636,0.000000,35.331442
30.050000,-0.008060,0.170455,0.000000,37.074883
30.100000,-0.032110,0.556818,0.000000,34.975343
30.150000,-0.024050,0.613636,0.000000,35.707608
30.200000,-0.015600,0.750000,0.000000,36.962161
30.250000,-0.013195,0.363636,0.000000,36.452294
30.300000,-0.008580,0.170455,0.000000,30.188935
30.350000,-0.010660,0.170455,0.000000,39.991915
30.400000,-0.010790,0.170455,0.000000,38.163834
30.450000,-0.008125,0.000000,0.010417,35.508193
30.500000,-0.048230,0.363636,0.000000,37.555835
30.550000,-0.031330,0.363636,0.000000,36.043929
30.600000,-0.020345,0.556818,0.000000,38.658633
30.650000,-0.013195,0.363636,0.000000,37.257715
30.700000,-0.008580,0.170455,0.000000,38.976258
30.750000,-0.043550,0.363636,0.000000,37.075172
30.800000,-0.028275,0.363636,0.000000,36.083081
30.850000,-0.027560,0.556818,0.000000,35.216255
30.900000,-0.021970,0.363636,0.000000,34.048526
30.950000,-0.016640,0.556818,0.000000,35.437961
31.000000,-0.019435,0.170455,0.000000,34.031953
31.050000,-0.012610,0.363636,0.000000,35.402415
31.100000,-0.008710,0.556818,0.000000,38.854120
31.150000,-0.007085,0.556818,0.000000,39.607512
31.200000,-0.005200,0.556818,0.000000,36.948205
31.250000,-0.003380,0.363636,0.000000,37.956065
31.300000,-0.002210,0.170455,0.000000,36.852785
31.350000,-0.046605,0.170455,0.000000,37.307819
31.400000,-0.030290,0.363636,0.000000,39.171354
31.450000,-0.019695,0.363636,0.000000,35.920927
31.500000,-0.012805,0.363636,0.000000,34.051291
31.550000,-0.008320,0.170455,0.000000,40.062436
31.600000,-0.024180,0.556818,0.000000,39.374766
31.650000,-0.019630,0.556818,0.000000,39.008609
31.700000,-0.015925,0.363636,0.000000,43.965437
31.750000,-0.013390,0.363636,0.000000,41.358977
31.800000,-0.010985,0.170455,0.000000,40.038180
31.850000,-0.007150,0.363636,0.000000,42.721263
31.900000,-0.006760,0.170455,0.000000,40.863910
31.950000,-0.004615,0.363636,0.000000,34.757826
32.000000,-0.002990,0.170455,0.000000,33.145462
32.050000,-0.001950,0.556818,0.000000,35.232426
32.100000,-0.001235,0.556818,0.000000,35.330510
32.150000,-0.003380,0.363636,0.000000,42.040997
32.200000,-0.037245,0.556818,0.000000,41.922955
32.250000,-0.012090,0.363636,0.000000,43.951200
32.300000,-0.014105,0.363636,0.000000,36.701342
32.350000,-0.013357,0.363636,0.000000,45.217335
32.400000,-0.012253,0.170455,0.000000,44.406885
32.450000,-0.011115,0.556818,0.000000,42.225433
32.500000,-0.010075,0.363636,0.000000,40.090017
32.550000,-0.009003,0.170455,0.000000,40.037619
32.600000,-0.007897,0.556818,0.000000,42.908283
32.650000,-0.006793,0.750000,0.000000,40.321983
32.700000,-0.005687,0.556818,0.000000,38.274392
32.750000,-0.008385,0.556818,0.000000,41.232591
32.800000,-0.002730,0.170455,0.000000,42.205205
32.850000,-0.020670,0.556818,0.000000,38.235801
32.900000,-0.006727,0.170455,0.000000,38.343943
32.950000,-0.018037,0.556818,0.000000,40.072596
33.000000,-0.018000,0.750000,0.000000,40.110626
33.050000,-0.018000,0.750000,0.000000,44.452441
33.100000,-0.018000,0.750000,0.000000,42.157766
33.150000,-0.018000,0.750000,0.000000,39.045870
33.200000,-0.018000,0.750000,0.000000,36.533407
33.250000,-0.018000,0.750000,0.000000,38.801891
33.300000,-0.018000,0.750000,0.000000,40.265436
33.350000,-0.018000,0.750000,0.000000,38.026377
33.400000,-0.018000,0.750000,0.000000,39.224604
33.450000,-0.018000,0.750000,0.000000,43.356655
33.500000,0.005000,0.750000,0.000000,36.972771
33.550000,0.005500,0.750000,0.000000,41.796389
33.600001,0.005900,0.750000,0.000000,37.247957
33.650001,0.005600,0.750000,0.000000,41.666234
33.700001,0.005600,0.750000,0.000000,39.531901
33.750001,0.005500,0.750000,0.000000,42.588073
33.800001,0.005500,0.750000,0.000000,44.689345
33.850001,0.005300,0.750000,0.000000,39.495513
33.900001,-0.001600,0.000000,0.300000,40.206165
33.950001,-0.009400,0.000000,0.300000,41.241939
34.000001,-0.009400,0.000000,0.300000,31.582219
34.050001,-0.009400,0.000000,0.300000,40.035204
34.100001,-0.009400,0.000000,0.300000,42.182203
34.150001,-0.013900,0.000000,0.300000,41.990092
34.200001,-0.013900,0.000000,0.300000,36.879275
34.250001,-0.013900,0.000000,0.300000,41.443777
34.300001,-0.013900,0.000000,0.300000,40.584927
34.350001,-0.013900,0.000000,0.300000,42.905700
34.400001,-0.013900,0.115465,0.000000,40.119833
34.450001,-0.013900,0.750000,0.000000,37.849666
34.500001,-0.013900,0.750000,0.000000,38.686906
34.550001,-0.013900,0.750000,0.000000,39.240705
34.600001,-0.013900,0.750000,0.000000,39.826022
34.650001,-0.013900,0.750000,0.000000,41.456311
34.700001,-0.013900,0.750000,0.000000,41.242450
34.750001,0.003400,0.750000,0.000000,38.199732
34.800001,0.003400,0.750000,0.000000,37.770647
34.850001,0.003400,0.750000,0.000000,40.363942
34.900001,0.003400,0.750000,0.000000,39.768235
34.950001,0.003400,0.750000,0.000000,40.471674
35.000001,0.000400,0.750000,0.000000,42.361919
35.050001,-0.000200,0.750000,0.000000,42.485330
35.100001,-0.000200,0.750000,0.000000,37.560173
35.150001,-0.000200,0.750000,0.000000,34.662638
35.200001,-0.000200,0.000000,0.300000,38.235328
35.250001,-0.001800,0.000000,0.300000,41.405545
35.300001,-0.007100,0.000000,0.300000,36.469045
35.350001,-0.007100,0.000000,0.300000,41.900433
35.400001,-0.007100,0.000000,0.300000,42.623911
35.450001,-0.007100,0.000000,0.300000,39.876006
35.500001,-0.007100,0.000000,0.300000,38.388355
35.550001,-0.007100,0.000000,0.300000,43.461031
35.600001,-0.007100,0.000000,0.300000,38.247581
35.650001,-0.007100,0.000000,0.300000,33.361426
35.700001,-0.007100,0.000000,0.165374,38.417730
35.750001,0.001500,0.750000,0.000000,39.381448
35.800001,0.001200,0.750000,0.000000,41.219767
35.850001,0.001100,0.750000,0.000000,33.814155
35.900001,0.001100,0.750000,0.000000,25.191672
35.950001,0.001100,0.750000,0.000000,25.794392
36.000001,0.001100,0.750000,0.000000,24.292806
36.050001,0.001100,0.750000,0.000000,27.494402
36.100001,0.001100,0.750000,0.000000,25.185170
36.150001,-0.000200,0.750000,0.000000,40.052608
36.200001,-0.001100,0.750000,0.000000,34.576476
36.250001,-0.001100,0.750000,0.000000,36.720338
36.300001,-0.001500,0.750000,0.000000,40.236653
36.350001,-0.002100,0.750000,0.000000,39.517093
36.400001,-0.007500,0.750000,0.000000,39.067800
36.450001,-0.007500,0.750000,0.000000,37.664979
36.500001,-0.001600,0.750000,0.000000,40.650379
36.550001,-0.001600,0.750000,0.000000,43.086669
36.600001,-0.001600,0.691651,0.000000,41.408481
36.650001,-0.001600,0.000000,0.300000,34.694818
36.700001,-0.001800,0.000000,0.300000,39.243730
36.750001,-0.001800,0.000000,0.300000,38.661588
36.800001,-0.001600,0.000000,0.300000,41.419672
36.850001,-0.001100,0.000000,0.300000,39.591883
36.900001,-0.001100,0.000000,0.300000,40.948146
36.950001,-0.001100,0.000000,0.300000,13.387351
37.000001,-0.001100,0.000000,0.300000,40.653624
37.050001,-0.000500,0.000000,0.300000,39.032583
37.100001,-0.000500,0.000000,0.300000,36.856663
37.150001,0.002300,0.750000,0.000000,39.900361
37.200001,0.002300,0.750000,0.000000,41.262947
37.250001,0.002300,0.750000,0.000000,37.160783
37.300001,0.002300,0.750000,0.000000,40.719769
37.350001,0.002300,0.750000,0.000000,38.628346
37.400001,-0.001900,0.750000,0.000000,35.586850
37.450001,-0.008400,0.750000,0.000000,37.901773
37.500001,-0.008400,0.750000,0.000000,43.030041
37.550001,-0.088400,0.750000,0.000000,38.363250
37.600001,-0.168400,0.750000,0.000000,32.491425
37.650001,-0.248400,0.750000,0.000000,23.456788
37.700001,-0.328400,0.750000,0.000000,12.876261
37.750001,0.000000,0.000000,1.000000,0.000000
37.800001,0.000000,0.000000,1.000000,0.000000
